{"cameraMode":{"drawMode":0,"name":"Shaded","section":"Shading Mode"},"sceneLighting":false,"audioPlay":false,"sceneViewState":{"showFog":true,"showMaterialUpdate":false,"showSkybox":true,"showFlares":true,"showImageEffects":true,"showParticleSystems":true},"in2DMode":false,"pivot":{"x":-5.489999294281006,"y":-2.9576146602630617,"z":11.367302894592286},"rotation":{"x":0.02172565646469593,"y":0.9615798592567444,"z":-0.2617916762828827,"w":0.07980262488126755},"size":1.1238330602645875,"orthographic":false}