{"cameraMode":{"drawMode":0,"name":"Shaded","section":"Shading Mode"},"sceneLighting":true,"audioPlay":false,"sceneViewState":{"showFog":true,"showMaterialUpdate":false,"showSkybox":true,"showFlares":true,"showImageEffects":true,"showParticleSystems":true},"in2DMode":false,"pivot":{"x":-1.7668075561523438,"y":0.8251990079879761,"z":2.0525031089782717},"rotation":{"x":-0.07611057907342911,"y":0.8894023895263672,"z":-0.16075068712234498,"w":-0.4211054742336273},"size":10.0,"orthographic":false}